Age,Dx,Dx1y,Dx1y1,Dx1y1Prime,Dx1yPrime,DxPrime,Dxy,Dxy1,Dxy1Prime,DxyPrime,Dy,DyPrime,ETx,ETy,lx,lx1y,lx1y1,lxy,lxy1,ly,Mx,Nx,Nx1y,Nx1y1,Nx1y1Prime,Nx1yPrime,NxPrime,Nxy,Nxy1,Nxy1Prime,NxyPrime,Ny,NyPrime,qx,qy,Rx,vx,vxPrime,vy,vyPrime
0,1,1,1,1,1,1,1,1,1,1,1,1,81.21500347298692,81.21500347298692,1,1,1,1,1,1,0.006240952577216606,13.41574713113723,13.386329163513393,13.383567996599108,17.62015937429125,17.62696520582929,17.707131876455094,13.383567996599108,13.380553520257969,17.612791152433427,17.62015937429125,13.41574713113723,17.707131876455094,0,0,0.25084621472305935,1,1,1,1
1,0.9259259259259258,0.9259259259259258,0.9259259259259258,0.9444444444444444,0.9444444444444444,0.9444444444444444,0.9259259259259258,0.9259259259259258,0.9444444444444444,0.9444444444444444,0.9259259259259258,0.9444444444444444,80.21500347298691,80.21500347298691,1,1,1,1,1,1,0.006240952577216606,12.41574713113723,12.386329163513393,12.383567996599108,16.62015937429125,16.62696520582929,16.707131876455094,12.383567996599108,12.380553520257969,16.612791152433427,16.62015937429125,12.41574713113723,16.707131876455094,0,0,0.2446052621458428,0.9259259259259258,0.9444444444444444,0.9259259259259258,0.9444444444444444
2,0.8573388203017832,0.8573388203017832,0.8573388203017832,0.8919753086419753,0.8919753086419753,0.8919753086419753,0.8573388203017832,0.8573388203017832,0.8919753086419753,0.8919753086419753,0.8573388203017832,0.8919753086419753,79.21500347298691,79.21500347298691,1,1,1,1,1,1,0.006240952577216606,11.489821205211305,11.460403237587467,11.457642070673183,15.675714929846807,15.682520761384845,15.762687432010651,11.457642070673183,11.454627594332043,15.668346707988983,15.675714929846807,11.489821205211305,15.762687432010651,0,0,0.23836430956862623,0.8573388203017832,0.8919753086419753,0.8573388203017832,0.8919753086419753
3,0.7938322410201696,0.7938322410201696,0.7938322410201696,0.8424211248285322,0.8424211248285322,0.8424211248285322,0.7938322410201696,0.7938322410201696,0.8424211248285322,0.8424211248285322,0.7938322410201696,0.8424211248285322,78.21500347298691,78.21500347298691,1,1,1,1,1,1,0.006240952577216606,10.632482384909522,10.603064417285685,10.6003032503714,14.783739621204832,14.79054545274287,14.870712123368676,10.6003032503714,10.597288774030261,14.776371399347008,14.783739621204832,10.632482384909522,14.870712123368676,0,0,0.23212335699140965,0.7938322410201696,0.8424211248285322,0.7938322410201696,0.8424211248285322
4,0.7350298527964533,0.7350298527964533,0.7350298527964533,0.7956199512269471,0.7956199512269471,0.7956199512269471,0.7350298527964533,0.7350298527964533,0.7956199512269471,0.7956199512269471,0.7350298527964533,0.7956199512269471,77.21500347298691,77.21500347298691,1,1,1,1,1,1,0.006240952577216606,9.838650143889353,9.809232176265516,9.806471009351231,13.9413184963763,13.94812432791434,14.028290998540145,9.806471009351231,9.803456533010092,13.933950274518477,13.9413184963763,9.838650143889353,14.028290998540145,0.000637,0.000637,0.22588240441419302,0.7350298527964533,0.7956199512269471,0.7350298527964533,0.7956199512269471
5,0.6801496655372424,0.6801496655372424,0.6801496655372424,0.7509401890225701,0.7509401890225701,0.7509401890225701,0.6801496655372424,0.6801496655372424,0.7509401890225701,0.7509401890225701,0.6801496655372424,0.7509401890225701,76.263902078611,76.263902078611,0.999363,0.999363,0.999363,0.999363,0.999363,0.999363,0.005807421080706105,9.1036202910929,9.074202323469063,9.071441156554778,13.145698545149354,13.152504376687393,13.232671047313199,9.071441156554778,9.068426680213639,13.13833032329153,13.145698545149354,9.1036202910929,13.232671047313199,0.00043,0.00043,0.21964145183697645,0.6805831970337529,0.7514188428254499,0.6805831970337529,0.7514188428254499
6,0.6294974085009827,0.6294974085009827,0.6294974085009827,0.7089163244778854,0.7089163244778854,0.7089163244778854,0.6294974085009827,0.6294974085009827,0.7089163244778854,0.7089163244778854,0.6294974085009827,0.7089163244778854,75.29649457127665,75.29649457127665,0.99893327391,0.99893327391,0.99893327391,0.99893327391,0.99893327391,0.99893327391,0.0055366207509088715,8.423470625555657,8.39405265793182,8.391291491017535,12.394758356126784,12.401564187664823,12.481730858290629,8.391291491017535,8.388277014676396,12.38739013426896,12.394758356126784,8.423470625555657,12.481730858290629,0.000357,0.000357,0.2138340307562703,0.6301696268831045,0.7096733515573694,0.6301696268831045,0.7096733515573694
7,0.5826598869686553,0.5826598869686553,0.5826598869686553,0.6692930612750441,0.6692930612750441,0.6692930612750441,0.5826598869686553,0.5826598869686553,0.6692930612750441,0.6692930612750441,0.5826598869686553,0.6692930612750441,74.32320645598145,74.32320645598145,0.998576654731214,0.998576654731214,0.998576654731214,0.998576654731214,0.998576654731214,0.998576654731214,0.0053285368853210465,7.793973217054674,7.7645552494308365,7.761794082516552,11.6858420316489,11.692647863186938,11.772814533812744,7.761794082516552,7.758779606175413,11.678473809791075,11.6858420316489,7.793973217054674,11.772814533812744,0.000278,0.000278,0.20829741000536142,0.5834903952621338,0.6702470542486266,0.5834903952621338,0.6702470542486266
8,0.5393499143704428,0.5393499143704428,0.5393499143704428,0.631934386814898,0.631934386814898,0.631934386814898,0.5393499143704428,0.5393499143704428,0.631934386814898,0.631934386814898,0.5393499143704428,0.631934386814898,73.34373501431541,73.34373501431541,0.9982990504211988,0.9982990504211988,0.9982990504211988,0.9982990504211988,0.9982990504211988,0.9982990504211988,0.005178555914416152,7.211313330086019,7.181895362462181,7.1791341955478964,11.016548970373856,11.023354801911895,11.1035214725377,7.1791341955478964,7.176119719206757,11.009180748516032,11.016548970373856,7.211313330086019,11.1035214725377,0.000255,0.000255,0.2029688731200404,0.5402688845019757,0.6330111067903695,0.5402688845019757,0.6330111067903695
9,0.4992707223539613,0.4992707223539613,0.4992707223539613,0.5966747300159124,0.5966747300159124,0.5966747300159124,0.4992707223539613,0.4992707223539613,0.5966747300159124,0.5966747300159124,0.4992707223539613,0.5966747300159124,72.36231490461608,72.36231490461608,0.9980444841633415,0.9980444841633415,0.9980444841633415,0.9980444841633415,0.9980444841633415,0.9980444841633415,0.005051209406856464,6.671963415715576,6.642545448091738,6.6397842811774535,10.384614583558959,10.391420415096997,10.471587085722803,6.6397842811774535,6.636769804836314,10.377246361701134,10.384614583558959,6.671963415715576,10.471587085722803,0.000244,0.000244,0.1977903172056242,0.5002489671314589,0.5978438230797934,0.5002489671314589,0.5978438230797934
10,0.4621749076830619,0.4621749076830619,0.4621749076830619,0.5633886335272448,0.5633886335272448,0.5633886335272448,0.4621749076830619,0.4621749076830619,0.5633886335272448,0.5633886335272448,0.4621749076830619,0.5633886335272448,71.37985358889176,71.37985358889176,0.9978009613092056,0.9978009613092056,0.9978009613092056,0.9978009613092056,0.9978009613092056,0.9978009613092056,0.004938411206620939,6.172692693361614,6.143274725737776,6.140513558823492,9.787939853543046,9.794745685081084,9.87491235570689,6.140513558823492,6.1374990824823525,9.780571631685222,9.787939853543046,6.172692693361614,9.87491235570689,0.000234,0.000234,0.19273910779876777,0.46319348808468414,0.5646302773531383,0.46319348808468414,0.5646302773531383
11,0.4278395914395038,0.4278395914395038,0.4278395914395038,0.5319647561099438,0.5319647561099438,0.5319647561099438,0.4278395914395038,0.4278395914395038,0.5319647561099438,0.5319647561099438,0.4278395914395038,0.5319647561099438,70.39644335663723,70.39644335663723,0.9975674758842593,0.9975674758842593,0.9975674758842593,0.9975674758842593,0.9975674758842593,0.9975674758842593,0.0048382733099562765,5.710517785678552,5.681099818054714,5.67833865114043,9.224551220015801,9.23135705155384,9.311523722179645,5.67833865114043,5.67532417479929,9.217182998157977,9.224551220015801,5.710517785678552,9.311523722179645,0.000216,0.000216,0.1878006965921468,0.4288828593376705,0.5332619286112972,0.4288828593376705,0.5332619286112972
12,0.3960622019331045,0.3960622019331045,0.3960622019331045,0.5023026377380339,0.5023026377380339,0.5023026377380339,0.3960622019331045,0.39580991031047313,0.5019826709577947,0.5023026377380339,0.3960622019331045,0.5023026377380339,69.41154425019529,69.41154425019529,0.9973520013094683,0.9973520013094683,0.9973520013094683,0.9973520013094683,0.9967166880846342,0.9973520013094683,0.004752705391668375,5.282678194239048,5.25326022661521,5.250499059700926,8.692586463905858,8.699392295443896,8.779558966069702,5.250499059700926,5.247484583359786,8.685218242048034,8.692586463905858,5.282678194239048,8.779558966069702,0.000209,0.000209,0.1829624232821905,0.3971137586459912,0.5036362659106696,0.3971137586459912,0.5036362659106696
13,0.3666476156786115,0.3666476156786115,0.3664140611474242,0.47399565899181095,0.47429778668192735,0.47429778668192735,0.3664140611474242,0.36625650310113084,0.4737918408584445,0.47399565899181095,0.3666476156786115,0.47429778668192735,68.42594977369801,68.42594977369801,0.9971435547411946,0.9971435547411946,0.9965083742968245,0.9965083742968245,0.9960798756958769,0.9971435547411946,0.004676060021109098,4.886615992305943,4.857198024682106,4.854436857767821,8.190283826167825,8.197089657705863,8.277256328331669,4.854436857767821,4.851674673049313,8.18323557109024,8.190283826167825,4.886615992305943,8.277256328331669,0.000212,0.000212,0.17820971789052212,0.367697924672214,0.4756564733600768,0.367697924672214,0.4756564733600768
14,0.3394165614667478,0.3392003531170935,0.33905449696525314,0.4473752082666168,0.44756766236143225,0.447852944687198,0.33905449696525314,0.33893345450983653,0.4472154953172656,0.4473752082666168,0.3394165614667478,0.447852944687198,67.44035312856126,67.44035312856126,0.9969321603075896,0.9962971145214736,0.9958687067622293,0.9958687067622293,0.9955131816339152,0.9969321603075896,0.004604088452105519,4.5199683766273315,4.490550409003494,4.488022796620397,7.716288167176014,7.7227918710239365,7.802958541649741,4.488022796620397,4.485418169948183,7.709443730231795,7.716288167176014,4.5199683766273315,7.802958541649741,0.000223,0.000223,0.17353365786941302,0.34046104136316113,0.44923111372896146,0.34046104136316113,0.44923111372896146
15,0.31420451071624145,0.3138693405670647,0.31375728921248225,0.4222760014694871,0.42242680783988595,0.42287790273161424,0.31375728921248225,0.3136700646860812,0.4221586087410786,0.4222760014694871,0.31420451071624145,0.42287790273161424,66.45528415692824,66.45528415692824,0.996709844435841,0.9956466280406214,0.9952911821944108,0.9952911821944108,0.9950144912457609,0.996709844435841,0.004534005217654516,4.180551815160584,4.1513500558864,4.148968299655144,7.2689129589093975,7.275224208662504,7.355105596962543,4.148968299655144,4.146484715438346,7.26222823491453,7.2689129589093975,4.180551815160584,7.355105596962543,0.000243,0.000243,0.1689295694173075,0.31524170496588994,0.424273829632908,0.31524170496588994,0.424273829632908
16,0.2908594065001272,0.29044541314000333,0.2903646693151504,0.39860846729920146,0.3987193112677339,0.39928763543451434,0.2903646693151504,0.2902906263244751,0.39850682214004024,0.39860846729920146,0.2908594065001272,0.39928763543451434,65.47131518651858,65.47131518651858,0.9964676439436431,0.9950493264371376,0.9947727027243881,0.9947727027243881,0.9945190356851935,0.9964676439436431,0.004463309202743361,3.8663473044443424,3.837480715319336,3.835211010442662,6.846636957439911,6.852797400822618,6.932227694230929,3.835211010442662,3.832814650752265,6.8400696261734515,6.846636957439911,3.8663473044443424,6.932227694230929,0.000275,0.000275,0.16439556419965298,0.29189046756100917,0.4007030613199687,0.29189046756100917,0.4007030613199687
17,0.26924020385494407,0.26878223984360067,0.2687137003724405,0.3762640531659543,0.37636002497232224,0.3770012851495048,0.2687137003724405,0.2686481342295497,0.37617224473698185,0.3762640531659543,0.26924020385494407,0.3770012851495048,64.48918721300221,64.48918721300221,0.9961936153415586,0.9944991402311388,0.9942455429503799,0.9942455429503799,0.9940029470379002,0.9961936153415586,0.004389247779791939,3.5754878979442153,3.547035302179333,3.5448463411275117,6.448028490140709,6.4540780895548835,6.532940058796415,3.5448463411275117,3.54252402442779,6.441562804033412,6.448028490140709,3.5754878979442153,6.532940058796415,0.00032,0.00032,0.15993225499690958,0.2702689514453788,0.37844178013552593,0.2702689514453788,0.37844178013552593
18,0.24921671017565786,0.24872936295214937,0.24866867298758907,0.3551600990842957,0.35524677929844445,0.3559428311416872,0.24866867298758907,0.24861048451811002,0.35507699162111,0.3551600990842957,0.24921671017565786,0.3559428311416872,63.509670307500606,63.509670307500606,0.9958748333846493,0.9939273843766357,0.993684866094848,0.993684866094848,0.993452343836182,0.9958748333846493,0.004309472904575659,3.3062476940892713,3.278253062335732,3.2761326407550713,6.071764436974755,6.0777180645825615,6.15593877364691,3.2761326407550713,3.27387589019824,6.0653905592964295,6.071764436974755,3.3062476940892713,6.15593877364691,0.000371,0.000371,0.15554300721711764,0.2502490291160915,0.3574172367946634,0.2502490291160915,0.3574172367946634
19,0.23067060257053953,0.230163348990658,0.23010949076699422,0.3352260770540397,0.33530453831600554,0.33604351099848173,0.23010949076699422,0.2300597871169886,0.33515366822139614,0.3352260770540397,0.23067060257053953,0.33604351099848173,62.533055571117494,62.533055571117494,0.9955053638214636,0.9933162090095266,0.9930837730166185,0.9930837730166185,0.9928692669216472,0.9955053638214636,0.004223862349506059,3.0570309839136134,3.029523699383583,3.027463967767482,5.716604337890459,5.722471285284117,5.799995942505223,3.027463967767482,3.02526540568013,5.710313567675319,5.716604337890459,3.0570309839136134,5.799995942505223,0.000421,0.000421,0.15123353431254202,0.231712063996381,0.3375607236394043,0.231712063996381,0.3375607236394043
20,0.21349397245079377,0.2129746432142419,0.21292864069130765,0.31640075916445953,0.3164691164936221,0.3172408124203318,0.21292864069130765,0.21288413860540323,0.31633463140579426,0.31640075916445953,0.21349397245079377,0.3172408124203318,61.55918248694451,61.55918248694451,0.9950862560632947,0.9926656847481784,0.9924512689602729,0.9924512689602729,0.9922438466450605,0.9950862560632947,0.0041339435312818,2.8263603813430738,2.799360350392925,2.797354477000488,5.381378260836419,5.387166746968111,5.463952431506741,2.797354477000488,2.7952056185631413,5.375159899453923,5.381378260836419,2.8263603813430738,5.463952431506741,0.000463,0.000463,0.14700967196303596,0.21454820740405645,0.31880735010388184,0.21454820740405645,0.31880735010388184
21,0.1975880784643973,0.19706486549135885,0.19702367893447117,0.2986221591119281,0.2986845841900238,0.29947760048394895,0.19702367893447117,0.19698190991453715,0.2985588512141965,0.2986221591119281,0.1975880784643973,0.29947760048394895,60.58746598369495,60.58746598369495,0.9946255311267375,0.9919917640227442,0.9917844377440636,0.9917844377440636,0.9915741794432622,0.9946255311267375,0.004042417874573729,2.61286640889228,2.586385707178683,2.58442583630918,5.06497750167196,5.070697630474489,5.1467116190864095,2.58442583630918,2.5823214799577383,5.058825268048128,5.06497750167196,2.61286640889228,5.1467116190864095,0.000495,0.000495,0.14287572843175417,0.19865574759634858,0.3010958306536662,0.19865574759634858,0.3010958306536662
22,0.18286136330144204,0.18233902982722086,0.18230037395289753,0.28183267210602053,0.2818924333018805,0.28269995023439215,0.18230037395289753,0.1822597209695061,0.281769823420141,0.28183267210602053,0.18286136330144204,0.28269995023439215,59.617224009579694,59.617224009579694,0.9941331914888297,0.9912935044473801,0.9910833502244374,0.9910833502244374,0.9908623386373377,0.9941331914888297,0.003951856671944214,2.4152783304278826,2.3893208416873244,2.387402157374709,4.766355342560032,4.7720130462844645,4.84723401860246,2.387402157374709,2.385339570043201,4.7602664168339315,4.766355342560032,2.4152783304278826,4.84723401860246,0.000521,0.000521,0.13883331055718043,0.18394050703365605,0.28436828450624024,0.18394050703365605,0.28436828450624024
23,0.1692278634547796,0.16870869949821116,0.16867107745822307,0.2659772979342424,0.266036624101417,0.26685529336252445,0.16867107745822307,0.1686300903864008,0.26591266545084447,0.2659772979342424,0.1692278634547796,0.26685529336252445,58.648040138491844,58.648040138491844,0.993615248096064,0.9905669957989703,0.9903460993589073,0.9903460993589073,0.9901054452567635,0.993615248096064,0.0038636429957589805,2.2324169671264404,2.2069818118601034,2.2051017834218114,4.4845226704540115,4.490120612982584,4.564534068368068,2.2051017834218114,2.203079849073695,4.478496593413791,4.4845226704540115,2.2324169671264404,4.564534068368068,0.000545,0.000545,0.13488145388523623,0.17031528429042228,0.2685700464781158,0.17031528429042228,0.2685700464781158
24,0.15660706876777475,0.15609180714908177,0.15605387683994457,0.25100286843438624,0.2510638769564867,0.25189264293721736,0.15605387683994457,0.15601096202381365,0.2509338426455669,0.25100286843438624,0.15660706876777475,0.25189264293721736,57.679748101207004,57.679748101207004,0.9930737277858517,0.9898063607347566,0.9895658377890981,0.9895658377890981,0.9892937071837066,0.9930737277858517,0.003778245601700782,2.063189103671661,2.0382731123618925,2.036430705963588,4.2185453725197695,4.2240839888811665,4.297678775005544,2.036430705963588,2.0344497586872943,4.212583927962946,4.2185453725197695,2.063189103671661,4.297678775005544,0.00057,0.00057,0.13101781088947725,0.15769933730594654,0.2536494883404427,0.15769933730594654,0.2536494883404427
25,0.14492389142460843,0.14441196863902386,0.14437225534764814,0.23685798755774443,0.23692314142163537,0.2377630050123685,0.14437225534764814,0.14432605622593694,0.23678219300172607,0.23685798755774443,0.14492389142460843,0.2377630050123685,56.71235914592019,56.71235914592019,0.9925076757610137,0.9890017852615584,0.9887298097706114,0.9887298097706114,0.9884134162314853,0.9925076757610137,0.0036955918709622336,1.9065820349038862,1.8821813052128107,1.8803768291236438,3.967542504085383,3.9730201119246797,4.045786132068327,1.8803768291236438,1.8784387966634806,3.9616500853173795,3.967542504085383,1.9065820349038862,4.045786132068327,0.000598,0.000598,0.1272395652877764,0.14601790491291344,0.23955785009930697,0.14601790491291344,0.23955785009930697
26,0.13410854346068196,0.13359807475828728,0.13355532337436463,0.22349389740307146,0.2235654383433413,0.22441966591673937,0.13355532337436463,0.13350577434939276,0.22341098116713498,0.22349389740307146,0.13410854346068196,0.22441966591673937,55.74599425048198,55.74599425048198,0.9919141561709086,0.9881385493443686,0.9878223450085785,0.9878223450085785,0.9874558629185806,0.9919141561709086,0.003615346975525274,1.7616581434792777,1.7377693365737867,1.7360045737759957,3.7306845165276386,3.7360969705030445,3.8080231270559577,1.7360045737759957,1.7341127404375436,3.7248678923156535,3.7306845165276386,1.7616581434792777,3.8080231270559577,0.000633,0.000633,0.12354397341681417,0.1352017638082532,0.22624908064934549,0.1352017638082532,0.22624908064934549
27,0.12409597477099199,0.12358405819876725,0.12353820851317553,0.21086569745960854,0.2109439576679033,0.21181774114220217,0.12353820851317553,0.1234861989273915,0.21077692300097808,0.21086569745960854,0.12409597477099199,0.21181774114220217,54.780987115325985,54.780987115325985,0.9912862745100525,0.987197053464188,0.9868308033573528,0.9868308033573528,0.9864153475891396,0.9912862745100525,0.003536744468108041,1.6275496000185958,1.6041712618154995,1.602449250401631,3.507190619124567,3.512531532159703,3.5836034611392185,1.602449250401631,1.6006069660881508,3.5014569111485185,3.507190619124567,1.6275496000185958,3.5836034611392185,0.000671,0.000671,0.11992862644128889,0.12518681834097517,0.21367968727993739,0.12518681834097517,0.21367968727993739
28,0.11482657997400059,0.11431047627339182,0.11426235156288071,0.1989335199253308,0.19901730621124572,0.19991585524690153,0.11426235156288071,0.11420944809410714,0.19884141370560543,0.1989335199253308,0.11482657997400059,0.19991585524690153,53.81743411361622,53.81743411361622,0.9906211214198563,0.9861686398883001,0.985753462890907,0.985753462890907,0.9852970590375889,0.9906211214198563,0.0034596440985975455,1.5034536252476038,1.4805872036167322,1.4789110418884555,3.296324921664959,3.3015875744918,3.3717857199970163,1.4789110418884555,1.4771207671607594,3.2906799881475406,3.296324921664959,1.5034536252476038,3.3717857199970163,0.000711,0.000711,0.11639188197318084,0.1159137206860881,0.20180859354216307,0.1159137206860881,0.20180859354216307
29,0.10624531321818431,0.1057232509545551,0.10567430108936313,0.18766114649043508,0.18774807384862702,0.18867517534749761,0.10567430108936313,0.10562199231032392,0.18756825422292236,0.18766114649043508,0.10624531321818431,0.18867517534749761,52.85536978153088,52.85536978153088,0.9899167898025267,0.9850525921787917,0.9845965128286128,0.9845965128286128,0.9841091375547629,0.9899167898025267,0.0033840499334479956,1.3886270452736031,1.3662767273433405,1.3646486903255748,3.0973914017396282,3.1025702682805543,3.1718698647501147,1.3646486903255748,1.3629113190666522,3.091838574441935,3.0973914017396282,1.3886270452736031,3.1718698647501147,0.000749,0.000749,0.11293223787458329,0.10732751915378527,0.1905970050120429,0.10732751915378527,0.1905970050120429
30,0.09830160692461472,0.09777328799800668,0.09772489022044765,0.1770151119560366,0.177102777831063,0.17805975443887553,0.09772489022044765,0.09767397555264282,0.17692288708270754,0.1770151119560366,0.09830160692461472,0.17805975443887553,51.89461334692774,51.89461334692774,0.9891753421269647,0.9838590500405043,0.9833720398107342,0.9833720398107342,0.982859702977993,0.9891753421269647,0.003310366841225384,1.282381732055419,1.2605534763887853,1.2589743892362117,2.909730255249193,2.914822194431927,2.983194689402617,1.2589743892362117,1.2572893267563283,2.9042703202190125,2.909730255249193,1.282381732055419,2.983194689402617,0.000782,0.000782,0.10954818794113529,0.09937733254980118,0.18000828251137385,0.09937733254980118,0.18000828251137385
31,0.09094882876666636,0.0904152494039771,0.09036814305903762,0.16696317041917502,0.16705020357523773,0.16803603883807633,0.09036814305903762,0.09031889242107047,0.1668721754912966,0.16696317041917502,0.09094882876666636,0.16803603883807633,50.93483538820131,50.93483538820131,0.9884018070094215,0.9826030428756023,0.982091106690264,0.982091106690264,0.9815558670371181,0.9884018070094215,0.0032391891962114507,1.1840801251308042,1.1627801883907787,1.161249499015764,2.7327151432931562,2.737719416600864,2.8051349349637413,1.161249499015764,1.1596153512036855,2.727347433136305,2.7327151432931562,1.1840801251308042,2.8051349349637413,0.000811,0.000811,0.1062378210999099,0.0920160486572233,0.17000782237185308,0.0920160486572233,0.17000782237185308
32,0.08414358265420055,0.08360634675464512,0.08356078129566384,0.15747368425936348,0.15755955421641143,0.15857199707665762,0.08356078129566384,0.08351315165032534,0.1573839242593357,0.15747368425936348,0.08414358265420055,0.15857199707665762,49.975771238675875,49.975771238675875,0.9876002131439369,0.9812946308027383,0.9807598252289507,0.9807598252289507,0.9802007921285706,0.9876002131439369,0.003170893362757963,1.0931312963641378,1.0723649389868015,1.0708813559567265,2.565751972873981,2.570669213025626,2.637098896125665,1.0708813559567265,1.069296458782615,2.5604752576450083,2.565751972873981,1.0931312963641378,2.637098896125665,0.000838,0.000838,0.10299863190369847,0.08520004505298454,0.16056294335119456,0.08520004505298454,0.16056294335119456
33,0.07784543549253364,0.0773062568156834,0.07726219224929846,0.14851581227909488,0.14860051457240114,0.14963694075737918,0.07726219224929846,0.07721598945833341,0.14842699982335203,0.14851581227909488,0.07784543549253364,0.14963694075737918,49.017266708177324,49.017266708177324,0.9867726041653222,0.9799379484954088,0.9793793838647665,0.9793793838647665,0.9787937149932158,0.9867726041653222,0.0031056041754762777,1.0089877137099372,0.9887585922321565,0.9873205746610627,2.4082782886146177,2.4131096588092147,2.4785268990490077,0.9873205746610627,0.9857833071322898,2.4030913333856727,2.4082782886146177,1.0089877137099372,2.4785268990490077,0.000862,0.000862,0.0998277385409405,0.07888893060461531,0.15164277983168375,0.07888893060461531,0.15164277983168375
34,0.07201697474735098,0.07147740022183292,0.07143465673650026,0.14006021931897625,0.14014402544619306,0.14120195628586596,0.07143465673650026,0.0713894385987861,0.1399715612001474,0.14006021931897625,0.07201697474735098,0.14120195628586596,48.05912467364602,48.05912467364602,0.9859220061805316,0.978535158835875,0.9779499948108912,0.9779499948108912,0.9773309524641763,0.9859220061805316,0.003043471985296126,0.9311422782174036,0.9114523354164731,0.9100583824117643,2.259762476335523,2.2645091442368135,2.3288899582916285,0.9100583824117643,0.9085673176739564,2.254664333562321,2.259762476335523,0.9311422782174036,2.3288899582916285,0.000883,0.000883,0.09672213436546424,0.07304530611538454,0.14321818095214578,0.07304530611538454,0.14321818095214578
35,0.0666235034802306,0.06608479623574252,0.0660429645597253,0.1320786348498516,0.13216229358168882,0.1332396485718841,0.0660429645597253,0.06599864973050576,0.13199001008586742,0.1320786348498516,0.0666235034802306,0.1332396485718841,47.10115649483094,47.10115649483094,0.9850514370490743,0.9770864649654732,0.9764679692331502,0.9764679692331502,0.975812759225795,0.9850514370490743,0.002984591440201764,0.8591253034700526,0.8399749351946402,0.838623725675264,2.1197022570165465,2.1243651187906205,2.1876880020057627,0.838623725675264,0.8371778790751703,2.1146927723621736,2.1197022570165465,0.8591253034700526,2.1876880020057627,0.000902,0.000902,0.09367866238016813,0.06763454269943012,0.13526161534369321,0.06763454269943012,0.13526161534369321
36,0.06163278618526986,0.06109573500527077,0.06105473976708224,0.12454479092472716,0.12462841659226054,0.12572394049726826,0.06105473976708224,0.06101132984710786,0.1244562395783797,0.12454479092472716,0.06163278618526986,0.12572394049726826,46.14322868710671,46.14322868710671,0.984162920652856,0.9755871951249018,0.9749325761169731,0.9749325761169731,0.9742393990553542,0.984162920652856,0.002928948477109941,0.792501799989822,0.7738901389588977,0.7725807611155386,1.9876236221666947,1.9922028252089317,2.0544483534338784,0.7725807611155386,0.7711792293446645,1.982702762276306,1.9876236221666947,0.792501799989822,2.0544483534338784,0.000912,0.000912,0.09069407093996637,0.0626245765735464,0.12774708115793248,0.0626245765735464,0.12774708115793248
37,0.05701534915210082,0.05648060911519875,0.05644045140211785,0.11743480573855729,0.1175183612934369,0.1186309869155606,0.05644045140211785,0.056398177504017676,0.11734684706905914,0.11743480573855729,0.05701534915210082,0.1186309869155606,45.184893309805254,45.184893309805254,0.9832653640692206,0.9740434376075543,0.9733508927234155,0.9733508927234155,0.9726218529047659,0.9832653640692206,0.002876903013220158,0.730869013804552,0.7127944039536269,0.7115260213484564,1.8630788312419675,1.8675744086166712,1.9287244129366101,0.7115260213484564,0.7101678994975567,1.8582465226979263,1.8630788312419675,0.730869013804552,1.9287244129366101,0.000913,0.000913,0.08776512246285642,0.05798571904958,0.1206500210936029,0.05798571904958,0.1206500210936029
38,0.05274379086881938,0.05221196413887749,0.05217285737773749,0.11072639220892477,0.11080938844086696,0.11193808366758964,0.05217285737773749,0.05213205820326811,0.11063980417021743,0.11072639220892477,0.05274379086881938,0.11193808366758964,44.22572789937739,44.22572789937739,0.9823676427918253,0.9724622233583587,0.9717338491530636,0.9717338491530636,0.9709739532830262,0.9823676427918253,0.0028287039263906505,0.6738536646524512,0.6563137948384282,0.6550855699463386,1.7456440255034102,1.7500560473232343,1.8100934260210495,0.6550855699463386,0.653769721993539,1.7408996756288673,1.7456440255034102,0.6738536646524512,1.8100934260210495,0.000915,0.000915,0.08488821944963627,0.053690480601462955,0.1139472421439583,0.053690480601462955,0.1139472421439583
39,0.04879215768534669,0.048263999271515604,0.048226256824085295,0.10439753715221267,0.10447923991782838,0.10562256808097636,0.048226256824085295,0.04818714532980097,0.10431287074958225,0.10439753715221267,0.04879215768534669,0.10562256808097636,43.26577358220511,43.26577358220511,0.9814687763986708,0.9708447126810883,0.970085512115772,0.970085512115772,0.9692987727654463,0.9814687763986708,0.0027840182146823458,0.6211098737836318,0.6041018306995507,0.6029127125686011,1.6349176332944855,1.6392466588823673,1.6981553423534599,0.6029127125686011,0.6016376637902708,1.6302598714586498,1.6349176332944855,0.6211098737836318,1.6981553423534599,0.000927,0.000927,0.08205951552324563,0.04971340796431756,0.10761683980262728,0.04971340796431756,0.10761683980262728
40,0.04513604384738181,0.04461254730000865,0.044576366524148356,0.09842638534515306,0.09850627393331296,0.09966217507367833,0.044576366524148356,0.04453901152900113,0.09834390403423386,0.09842638534515306,0.04513604384738181,0.09966217507367833,42.305454238284,42.305454238284,0.9805589548429492,0.9691862428460404,0.9684002328030925,0.9684002328030925,0.9675887134080038,0.9805589548429492,0.0027421382793357558,0.5723177160982851,0.5558378314280351,0.5546864557445158,1.5305200961422727,1.5347674189645388,1.5925327742724835,0.5546864557445158,0.5534505184604699,1.5259470007090676,1.5305200961422727,0.5723177160982851,1.5925327742724835,0.000958,0.000958,0.07927549730856329,0.04603093330029402,0.10163812648025909,0.04603093330029402,0.10163812648025909
41,0.041752595849422244,0.04123487256020205,0.04120031773699661,0.09279137443115963,0.09286919881977057,0.09403521544829342,0.04120031773699661,0.041164803063107325,0.09271138826639999,0.09279137443115963,0.041752595849422244,0.09403521544829342,41.34554226777654,41.34554226777654,0.9796195793642096,0.9674725053800669,0.9666617634205587,0.9666617634205587,0.9658285009804903,0.9796195793642096,0.0027021009367378004,0.5271816722509033,0.5112252841280265,0.5101100892203675,1.4320937107971197,1.436261145031226,1.4928705991988052,0.5101100892203675,0.5089115069314688,1.4276030966748339,1.4320937107971197,0.5271816722509033,1.4928705991988052,0.00101,0.00101,0.07653335902922752,0.04262123453730928,0.09599156389802246,0.04262123453730928,0.09599156389802246
42,0.03862076456260586,0.038109912422298366,0.03807706167779035,0.08747231922179252,0.08754778541281835,0.08872133766509673,0.03807706167779035,0.03804343963232887,0.08739508116391971,0.08747231922179252,0.03862076456260586,0.08872133766509673,40.386837974130394,40.386837974130394,0.9786301635890519,0.9656854350395037,0.9648530141944998,0.9648530141944998,0.9640010489829663,0.9786301635890519,0.002663054527656396,0.48542907640148103,0.46999041156782445,0.4689097714833709,1.33930233636596,1.3433919462114554,1.3988353837505116,0.4689097714833709,0.4677467038683615,1.334891708408434,1.33930233636596,0.48542907640148103,1.3988353837505116,0.001075,0.001075,0.0738312580924897,0.03946410605306415,0.09065869923702122,0.03946410605306415,0.09065869923702122
43,0.03572152522287135,0.035218637811561766,0.03518753975437417,0.08245106859324243,0.08252393722981634,0.08370229765893414,0.03518753975437417,0.03515580059351574,0.08237669772937135,0.08245106859324243,0.03572152522287135,0.08370229765893414,39.42976246878434,39.42976246878434,0.9775781361631936,0.9638157972042404,0.9629647478553093,0.9629647478553093,0.9620961536527441,0.9775781361631936,0.002624612562929728,0.44680831183887515,0.43188049914552606,0.4308327098055805,1.2518300171441674,1.255844160798637,1.3101140460854148,0.4308327098055805,0.4297032642360326,1.2474966272445143,1.2518300171441674,0.44680831183887515,1.3101140460854148,0.001153,0.001153,0.07116820356483329,0.03654083893802236,0.08562210483496448,0.03654083893802236,0.08562210483496448
44,0.033037350281749416,0.03254348937133089,0.03251413514391796,0.07771051087483995,0.07778066903831249,0.07896102285919265,0.03251413514391796,0.032484482252666716,0.07763963888892213,0.07771051087483995,0.033037350281749416,0.07896102285919265,38.47470029822819,38.47470029822819,0.9764509885721975,0.9618544495010319,0.9609868567875822,0.9609868567875822,0.9601104367741923,0.9764509885721975,0.0025864765272056813,0.4110867866160038,0.3966618613339643,0.39564517005120636,1.169378948550925,1.1733202235688207,1.2264117484264807,0.39564517005120636,0.39454746364251686,1.1651199295151429,1.169378948550925,0.4110867866160038,1.2264117484264807,0.001243,0.001243,0.06854359100190356,0.033834110127798474,0.08086532123302201,0.033834110127798474,0.08086532123302201
45,0.03055211560680482,0.030068259327716722,0.03004083707520985,0.07323518099457299,0.0733020324481657,0.07448160351290208,0.03004083707520985,0.030013409790960194,0.07316831727432496,0.07323518099457299,0.03055211560680482,0.07448160351290208,37.52196159649263,37.52196159649263,0.9752372599934023,0.9597923501245951,0.9589170195012816,0.9589170195012816,0.9580415282624772,0.9752372599934023,0.0025484529842425196,0.37804943633425436,0.3641183719626334,0.36313103490728843,1.091668437676085,1.0955395545305082,1.147450725567288,0.36313103490728843,0.36206298138985016,1.0874802906262206,1.091668437676085,0.37804943633425436,1.147450725567288,0.001346,0.001346,0.0659571144746979,0.03132787974796155,0.076372803386743,0.03132787974796155,0.076372803386743
46,0.028250918943701908,0.027778150100469086,0.02775278864942736,0.06901039756820294,0.06907346163867904,0.07024905398154184,0.02775278864942736,0.027727394847813145,0.06894725305442806,0.06901039756820294,0.028250918943701908,0.07024905398154184,36.571860320484,36.571860320484,0.9739245906414512,0.9576263171930327,0.9567520043654356,0.9567520043654356,0.9558765762814416,0.9739245906414512,0.002510375995717743,0.34749732072744954,0.3340501126349167,0.3330901978320786,1.018433256681512,1.0222375220823425,1.072969122054386,0.3330901978320786,0.33204957159889,1.0143119733518957,1.018433256681512,0.34749732072744954,1.072969122054386,0.001454,0.001454,0.06340866149045542,0.02900729606292736,0.07212986986525728,0.02900729606292736,0.07212986986525728
47,0.026120224173664598,0.02565966305067693,0.025636184458985568,0.06502217020690429,0.0650817199806866,0.06624986119832753,0.025636184458985568,0.0256124197159921,0.06496189465512252,0.06502217020690429,0.026120224173664598,0.06624986119832753,35.62438517653067,35.62438517653067,0.9725085042866586,0.9553608869510881,0.9544867317395281,0.9544867317395281,0.953601922539206,0.9725085042866586,0.00247234188817687,0.31924640178374764,0.3062719625344476,0.30533740918265123,0.949422859113309,0.9531640604436635,1.002720068072844,0.30533740918265123,0.3043221767510768,0.9453647202974678,0.949422859113309,0.31924640178374764,1.002720068072844,0.001568,0.001568,0.06089828549473768,0.02685860746567348,0.06812265487274298,0.02685860746567348,0.06812265487274298
48,0.024147470057555822,0.02369998789051284,0.023678018001738344,0.06125669915961974,0.061313536808240955,0.062471204670636965,0.023678018001738344,0.02365533446049269,0.061198015241824846,0.06125669915961974,0.024147470057555822,0.062471204670636965,34.67954670576532,34.67954670576532,0.9709836109519371,0.9529900965441602,0.9521066747246641,0.9521066747246641,0.9511945565302783,0.9709836109519371,0.00243441919233955,0.293126177610083,0.2806122994837707,0.27970122472366565,0.8844006889064048,0.888082340462977,0.9364702068745167,0.27970122472366565,0.2787097570350847,0.8804028256423453,0.8844006889064048,0.293126177610083,0.9364702068745167,0.001697,0.001697,0.05842594360656081,0.0248690809867347,0.06433806293536837,0.0248690809867347,0.06433806293536837
49,0.022320825741544585,0.021886885560360544,0.021865917923993727,0.057700042087183934,0.05775537173330442,0.05890045820096029,0.021865917923993727,0.021843833346890502,0.0576417650446759,0.057700042087183934,0.022320825741544585,0.05890045820096029,33.73764799441181,33.73764799441181,0.9693358517641517,0.9504909496976561,0.9495803793678461,0.9495803793678461,0.948621303184685,0.9693358517641517,0.0023964763620731864,0.26897870755252723,0.25691231159325784,0.2560232067219273,0.823143989746785,0.826768803654736,0.8739990022038797,0.2560232067219273,0.25505442257459204,0.8192048104005204,0.823143989746785,0.26897870755252723,0.8739990022038797,0.001852,0.001852,0.055991524414221255,0.023026926839569167,0.060763726105625686,0.023026926839569167,0.060763726105625686
50,0.020629155159510408,0.020208724299998593,0.020188313488455605,0.05433862291271241,0.05439356040872519,0.05552518707724033,0.020188313488455605,0.02016661105145552,0.054280208893081265,0.05433862291271241,0.020629155159510408,0.05552518707724033,32.799318331962596,32.799318331962596,0.9675406417666845,0.9478217565052565,0.9468644565311867,0.9468644565311867,0.945846577240416,0.9675406417666845,0.002358200279412686,0.24665788181098267,0.23502542603289728,0.23415728879793357,0.7654439476596011,0.7690134319214317,0.8150985440029194,0.23415728879793357,0.23321058922770155,0.7615630453558445,0.7654439476596011,0.24665788181098267,0.8150985440029194,0.002042,0.002042,0.05359504805214807,0.021321228555156634,0.05738796354420203,0.021321228555156634,0.05738796354420203
51,0.01906206520803212,0.018654711992881635,0.018634658177489296,0.051159959333937036,0.05121501547557326,0.052333371053827016,0.018634658177489296,0.018613172416610663,0.051100971900825035,0.051159959333937036,0.01906206520803212,0.052333371053827016,31.865408496111655,31.865408496111655,0.965564923776197,0.9449309593109495,0.9439151585296907,0.9439151585296907,0.9428268243519065,0.965564923776197,0.0023191958953055376,0.22602872665147225,0.21481670173289868,0.21396897530947798,0.7111053247468887,0.7146198715127065,0.7595733569256791,0.21396897530947798,0.213043978176246,0.7072828364627632,0.7111053247468887,0.22602872665147225,0.7595733569256791,0.00226,0.00226,0.05123684777273538,0.019741878291811697,0.05419974334730192,0.019741878291811697,0.05419974334730192
52,0.01761017124135367,0.017215318379637183,0.01719546911754547,0.04815295683186641,0.04820854127996218,0.049314258877731734,0.01719546911754547,0.01717409514943237,0.04809310270652443,0.04815295683186641,0.01761017124135367,0.049314258877731734,30.93645488414984,30.93645488414984,0.9633827470484627,0.941781910271413,0.9406960357288706,0.9406960357288706,0.9395267505564601,0.9633827470484627,0.0022793067588516925,0.20696666144344014,0.19616198974001706,0.19533431713198868,0.6599453654129517,0.6634048560371332,0.7072399858718521,0.19533431713198868,0.19443080575963534,0.6561818645619382,0.6599453654129517,0.20696666144344014,0.7072399858718521,0.002501,0.002501,0.048917651877429844,0.01827951693686268,0.051188646494674035,0.01827951693686268,0.051188646494674035
53,0.016264933521369485,0.015881910416002298,0.015862169201355213,0.0453076650868412,0.04536405260422823,0.046458094809818606,0.015862169201355213,0.015840818721610198,0.04524668096963433,0.0453076650868412,0.016264933521369485,0.046458094809818606,30.012767315205163,30.012767315205163,0.9609733267980946,0.9383433549435123,0.9371769941533179,0.9371769941533179,0.935915553919188,0.9609733267980946,0.002238526167856669,0.18935649020208647,0.17894667136037987,0.1781388480144432,0.6117924085810853,0.615196314757171,0.6579257269941203,0.1781388480144432,0.17725671061020296,0.6080887618554137,0.6117924085810853,0.18935649020208647,0.6579257269941203,0.002773,0.002773,0.046638345118578145,0.01692547864524322,0.04834483280052548,0.01692547864524322,0.04834483280052548
54,0.015018361908069192,0.014646466116814673,0.014626751973421448,0.04261447792756631,0.042671914324246725,0.04375541837330481,0.014626751973421448,0.0146054846760521,0.042552516476659655,0.04261447792756631,0.015018361908069192,0.04375541837330481,29.094833789302896,29.094833789302896,0.9583085477628834,0.9345782023485303,0.9333202600881696,0.9333202600881696,0.9319632124300019,0.9583085477628834,0.00219676444502819,0.173091556680717,0.16306476094437758,0.162276678813088,0.566484743494244,0.5698322621529427,0.6114676321843018,0.162276678813088,0.16141589188859276,0.5628420808857794,0.566484743494244,0.173091556680717,0.6114676321843018,0.003088,0.003088,0.04439981895072148,0.015671739486336315,0.04565900875605183,0.015671739486336315,0.04565900875605183
55,0.013862949265275067,0.013501467188266216,0.013481836054974484,0.04006438573323639,0.04012272417418564,0.04119695155018093,0.013481836054974484,0.013460696536040291,0.04000156477640669,0.04006438573323639,0.013862949265275067,0.04119695155018093,28.183408153681466,28.183408153681466,0.9553492909673916,0.9304381671250169,0.9290853100300176,0.9290853100300176,0.927628504263891,0.9553492909673916,0.0021538230546836365,0.1580731947726478,0.1484182948275629,0.14764992683966655,0.5238702655666777,0.5271603478286959,0.567712213810997,0.14764992683966655,0.14681040721254066,0.5202895644091197,0.5238702655666777,0.1580731947726478,0.567712213810997,0.003455,0.003455,0.042203054505693297,0.014510869894755847,0.0431223971584934,0.014510869894755847,0.0431223971584934
56,0.012791715532929205,0.012440052140189391,0.01242054613843358,0.03764872829398729,0.037707854209387597,0.038773804077987556,0.01242054613843358,0.012399468471636664,0.03758483840207241,0.03764872829398729,0.012791715532929205,0.038773804077987556,27.279385932076792,27.279385932076792,0.9520485591670993,0.9258753202838635,0.9244235477816588,0.9244235477816588,0.9228548010210739,0.9520485591670993,0.002109474453098891,0.14421024550737274,0.1349168276392967,0.13416809078469205,0.48380587983344137,0.4870376236545103,0.5265152622608161,0.13416809078469205,0.13334971067650037,0.48028799963271296,0.48380587983344137,0.14421024550737274,0.5265152622608161,0.003854,0.003854,0.040049231451009665,0.01343599064329245,0.04072670842746599,0.01343599064329245,0.04072670842746599
57,0.011798533575245643,0.011456182734829675,0.011436741592728675,0.035359987188489095,0.035420095089856565,0.036478571512789264,0.011436741592728675,0.011415560747298948,0.03529450049221603,0.035359987188489095,0.011798533575245643,0.036478571512789264,26.382992987048883,26.382992987048883,0.9483793640200693,0.9208608194285078,0.9192981186179382,0.9192981186179382,0.9175955785022583,0.9483793640200693,0.002063826979336012,0.13141852997444353,0.12247677549910731,0.12174754464625846,0.44615715153945407,0.4493297694451227,0.4877414581828286,0.12174754464625846,0.12095024220486371,0.4427031612306406,0.44615715153945407,0.13141852997444353,0.4877414581828286,0.004278,0.004278,0.03793975699791079,0.012440732077122638,0.038464113514828986,0.012440732077122638,0.038464113514828986
58,0.010877832822787724,0.010544273344624978,0.010524745350390738,0.033191093362493075,0.03325267732089134,0.034304598618087684,0.010524745350390738,0.010503253820385245,0.03312331714984688,0.033191093362493075,0.010877832822787724,0.034304598618087684,25.494196158213718,25.494196158213718,0.9443221971007915,0.9153653612664902,0.9136701046174251,0.9136701046174251,0.9118043902637968,0.9443221971007915,0.0020170916768962894,0.1196199963991979,0.11102059276427763,0.11031080305352979,0.41079716435096497,0.41390967435526616,0.45126288667003933,0.11031080305352979,0.10953468145756476,0.4074086607384245,0.41079716435096497,0.1196199963991979,0.45126288667003933,0.004758,0.004758,0.03587593001857477,0.011519196367706146,0.036327218319560706,0.011519196367706146,0.036327218319560706
59,0.010024144531682313,0.0096987672333459,0.009678962350655414,0.031134287717578563,0.031197994021370187,0.032244634152426,0.009678962350655414,0.009657087895742935,0.031063924227336847,0.031134287717578563,0.010024144531682313,0.032244634152426,24.613687081346768,24.613687081346768,0.9398291120869858,0.909322862259655,0.9074660249749212,0.9074660249749212,0.9054151517584782,0.9398291120869858,0.0019691687800714518,0.10874216357641017,0.10047631941965265,0.09978605770313906,0.3776060709884719,0.38065699703437483,0.4169582880519517,0.09978605770313906,0.09903142763717951,0.3742853435885776,0.3776060709884719,0.10874216357641017,0.4169582880519517,0.005322,0.005322,0.033858838341678466,0.010665922562690874,0.034309039524029555,0.010665922562690874,0.034309039524029555
60,0.009232218550448795,0.008914306400949276,0.008894160068483134,0.029182013021343448,0.029248113758437503,0.030291193308940853,0.008894160068483134,0.008871915774151862,0.029109028806777078,0.029182013021343448,0.009232218550448795,0.030291193308940853,23.74270676675946,23.74270676675946,0.9348273415524588,0.9026364907900042,0.9005965323208192,0.9005965323208192,0.8983441403934851,0.9348273415524588,0.0019197720234069957,0.09871801904472786,0.09077755218630676,0.09010709535248364,0.34647178327089334,0.34945900301300464,0.38471365389952566,0.09010709535248364,0.08937433974143658,0.3432214193612408,0.34647178327089334,0.09871801904472786,0.38471365389952566,0.006001,0.006001,0.03188966956160701,0.009875854224713772,0.03240298177269458,0.009875854224713772,0.03240298177269458
61,0.00849705185826625,0.00818591316102978,0.008165440192214048,0.027326881884634956,0.02739539777446889,0.02843667053245535,0.008165440192214048,0.00814279742656104,0.02725110444116887,0.027326881884634956,0.00849705185826625,0.02843667053245535,22.883028319706014,22.883028319706014,0.9292174426758025,0.8951920525303615,0.8929531772069835,0.8929531772069835,0.8904770180465887,0.9292174426758025,0.001868473371998437,0.08948580049427907,0.08186324578535749,0.0812129352840005,0.3172897702495499,0.32021088925456714,0.3544224605905848,0.0812129352840005,0.08050242396728471,0.3141123905544637,0.3172897702495499,0.08948580049427907,0.3544224605905848,0.006774,0.006774,0.02996989753820001,0.009144309467327565,0.030602816118655993,0.009144309467327565,0.030602816118655993
62,0.007814345212016996,0.007509377315140729,0.007488553811845848,0.025562810711924143,0.025633893498595735,0.026674927163698025,0.007488553811845848,0.00746542915767487,0.02548387275244573,0.025562810711924143,0.007814345212016996,0.026674927163698025,22.035685050236314,22.035685050236314,0.9229229237191167,0.886904312384583,0.884444926726341,0.884444926726341,0.8817137607926103,0.9229229237191167,0.0018151779745096454,0.08098874863601281,0.07367733262432771,0.07304749509178646,0.28996288836491496,0.2928154914800983,0.32598579005812944,0.07304749509178646,0.07235962654072367,0.28686128611329487,0.28996288836491496,0.08098874863601281,0.32598579005812944,0.007623,0.007623,0.02810142416620157,0.008466953210488487,0.028902659667619547,0.008466953210488487,0.028902659667619547
63,0.007180348572653509,0.006880989413090872,0.006859740917783252,0.02388463090209528,0.023958615105541176,0.025000940627599756,0.006859740917783252,0.006836040512912312,0.023802109502328545,0.02388463090209528,0.007180348572653509,0.025000940627599756,21.201112631828742,21.201112631828742,0.9158874822716058,0.8777028030499056,0.874992456794088,0.874992456794088,0.8719693578558646,0.9158874822716058,0.0017600217212214917,0.07317440342399581,0.06616795530918698,0.06555894127994061,0.26440007765299084,0.26718159798150254,0.29931086289443143,0.06555894127994061,0.0648941973830488,0.26137741336084913,0.26440007765299084,0.07317440342399581,0.29931086289443143,0.008576,0.008576,0.026286246191691922,0.007839771491193043,0.027296956352751794,0.007839771491193043,0.027296956352751794
64,0.0065914536141615096,0.006297140536733646,0.006275383916179234,0.02228698357727898,0.022364252068174512,0.0234095029740676,0.006275383916179234,0.006251198586566281,0.022201089542572154,0.02228698357727898,0.0065914536141615096,0.0234095029740676,20.380181064639093,20.380181064639093,0.9080328312236444,0.8674885214846214,0.8644913486428925,0.8644913486428925,0.861159598985223,0.9080328312236444,0.0017030044347779022,0.0659940548513423,0.059286965896096104,0.05869920036215735,0.24051544675089556,0.24322298287596136,0.27430992226683165,0.05869920036215735,0.05805815687013649,0.2375753038585206,0.24051544675089556,0.0659940548513423,0.27430992226683165,0.009663,0.009663,0.02452622447047043,0.007259047677030594,0.025780458777598915,0.007259047677030594,0.025780458777598915
65,0.006044222590636914,0.0057543934087011025,0.005732215976503971,0.02076508483574881,0.020845423096362184,0.021895336005338672,0.005732215976503971,0.005707693556556489,0.020676251802821486,0.02076508483574881,0.006044222590636914,0.021895336005338672,19.57415765001115,19.57415765001115,0.8992585099755304,0.8561377687409558,0.8528382137802285,0.8528382137802285,0.849189771901677,0.8992585099755304,0.0016440292345245293,0.059402601237180795,0.05298982535936246,0.05242381644597812,0.21822846317361658,0.22085873080778684,0.2509004192927641,0.05242381644597812,0.05180695828357021,0.21537421431594844,0.21822846317361658,0.059402601237180795,0.2509004192927641,0.010911,0.010911,0.022823220035692527,0.006721340441694994,0.024348211067732307,0.006721340441694994,0.024348211067732307
66,0.005535438961065254,0.005249696081466975,0.005227237881630461,0.019314505818323068,0.01939748827315562,0.020453300661174175,0.005227237881630461,0.0052023666837896654,0.01922260739963949,0.019314505818323068,0.005535438961065254,0.020453300661174175,18.784571610857213,18.784571610857213,0.8894467003731873,0.8435328960296721,0.8399242623004575,0.8399242623004575,0.8359279026604322,0.8894467003731873,0.0015829657968519004,0.05335837864654388,0.047235431950661357,0.04669160046947415,0.19746337833786776,0.20001330771142464,0.2290050832874254,0.04669160046947415,0.04609926472701372,0.19469796251312696,0.19746337833786776,0.05335837864654388,0.2290050832874254,0.012335,0.012335,0.021179190801168004,0.006223463371939809,0.022995532675080515,0.006223463371939809,0.022995532675080515
67,0.005062184556926402,0.004780333242926434,0.004757588417356591,0.017930746729733545,0.018016469089662153,0.01907873090876756,0.004757588417356591,0.004732268531799421,0.01783531929563791,0.017930746729733545,0.005062184556926402,0.01907873090876756,18.0129285849526,18.0129285849526,0.878475375324084,0.829563796524981,0.8256167319811155,0.8256167319811155,0.8212227997335122,0.878475375324084,0.0015197439083475116,0.04782293968547863,0.04198573586919438,0.04146436258784369,0.1781488725195447,0.18061581943826902,0.2085517826262512,0.04146436258784369,0.04089689804322406,0.17547535511348747,0.1781488725195447,0.04782293968547863,0.2085517826262512,0.013914,0.013914,0.0195962250043161,0.005762466085129453,0.021718003082020484,0.005762466085129453,0.021718003082020484
68,0.004621990112038265,0.004343880863071749,0.004320762729118483,0.01661009429279404,0.0166989661908618,0.017768087810963912,0.004320762729118483,0.004294833831981044,0.016510417116942986,0.01661009429279404,0.004621990112038265,0.017768087810963912,17.260041806650335,17.260041806650335,0.8662522689518247,0.8141291007723299,0.8097963056980199,0.8097963056980199,0.8049367180675262,0.8662522689518247,0.0014545260973057763,0.04276075512855222,0.037205402626267946,0.036706774170487094,0.16021812578981115,0.16259935034860687,0.18947305171748366,0.036706774170487094,0.036164629511424635,0.15764003581784955,0.16021812578981115,0.04276075512855222,0.18947305171748366,0.015629,0.015629,0.01807648109596859,0.005335616745490233,0.020511447355241567,0.005335616745490233,0.020511447355241567
69,0.004212734285719648,0.003938179192986193,0.003914546179649084,0.015349466040721045,0.015442134288586849,0.016518702012868227,0.003914546179649084,0.003888029043828142,0.015245488757761202,0.015349466040721045,0.004212734285719648,0.016518702012868227,16.526143401878294,16.526143401878294,0.8527136122403767,0.7971399992362652,0.7923563621008487,0.7923563621008487,0.7869889401039777,0.8527136122403767,0.001387639908915919,0.038138765016513955,0.0328615217631962,0.03238601144136861,0.14360803149701712,0.14590038415774506,0.17170496390651974,0.03238601144136861,0.03186979567944359,0.14112961870090657,0.14360803149701712,0.038138765016513955,0.17170496390651974,0.017462,0.017462,0.016621954998662813,0.00494038587545392,0.01937192250217259,0.00494038587545392,0.01937192250217259
70,0.0038325662218726027,0.0035612873835741206,0.003537163222837791,0.014147090253457999,0.014243576238900303,0.015328571747301772,0.003537163222837791,0.003510199427590099,0.014039246984455888,0.014147090253457999,0.0038325662218726027,0.015328571747301772,15.810965481109427,15.810965481109427,0.8378235271434352,0.7785202353058434,0.7732465392318819,0.7732465392318819,0.7673520808633173,0.8378235271434352,0.001319526236603663,0.03392603073079431,0.028923342570210005,0.028471465261719522,0.12825856545629608,0.13045824986915822,0.1551862618936515,0.028471465261719522,0.027981766635615447,0.12588412994314535,0.12825856545629608,0.03392603073079431,0.1551862618936515,0.019391,0.019391,0.01523431508974689,0.004574431366161037,0.018295704585385226,0.004574431366161037,0.018295704585385226
71,0.0034798601206150652,0.003211642676651613,0.0031871603245274987,0.013002177949170286,0.01310205491377801,0.014196261222963738,0.0031871603245274987,0.003159827237584351,0.012890671271078203,0.013002177949170286,0.0034798601206150652,0.014196261222963738,15.113731345632589,15.113731345632589,0.8215772911285968,0.7582525155896361,0.7524723566632966,0.7524723566632966,0.7460191537325522,0.8215772911285968,0.0012507139295589115,0.030093464508921704,0.025362055186635885,0.02493430203888173,0.11411147520283808,0.1162146736302579,0.13985769014634974,0.02493430203888173,0.02447156720802535,0.11184488295868945,0.11411147520283808,0.030093464508921704,0.13985769014634974,0.021354,0.021354,0.013914788853143227,0.004235584598297256,0.017279276552863824,0.004235584598297256,0.017279276552863824
72,0.0031532881366661586,0.0028880571323680903,0.002863289154400902,0.01191454810582473,0.012017611138952382,0.013121274579652538,0.002863289154400902,0.0028356211913019265,0.011799417827478146,0.01191454810582473,0.0031532881366661586,0.013121274579652538,14.4326021315497,14.4326021315497,0.8040333296538368,0.7364040619591083,0.7300886607237472,0.7300886607237472,0.7230338139951737,0.8040333296538368,0.0011819093619518616,0.02661360438830664,0.02215041250998427,0.02174714171435423,0.1011092972536678,0.10311261871647989,0.125661428923386,0.02174714171435423,0.021311739970440998,0.09895421168761125,0.1011092972536678,0.02661360438830664,0.125661428923386,0.023364,0.023364,0.012664074923584316,0.0039218375910159775,0.016319316744371388,0.0039218375910159775,0.016319316744371388
73,0.0028514951042973055,0.0025892511727754427,0.0025642312386929145,0.010883528661059337,0.010989722348109111,0.01210278083590834,0.0025642312386929145,0.002536252911647536,0.010764778479838519,0.010883528661059337,0.0028514951042973055,0.01210278083590834,13.765910873190935,13.765910873190935,0.7852478949398045,0.7130308692545974,0.7061408519649904,0.7061408519649904,0.6984361491292004,0.7852478949398045,0.001113693228595317,0.02346031625164048,0.01926235537761618,0.018883852559953326,0.08919474914784306,0.0910950075775275,0.11254015434373346,0.018883852559953326,0.018476118779139072,0.0871547938601331,0.08919474914784306,0.02346031625164048,0.11254015434373346,0.025516,0.025516,0.011482165561632455,0.003631331102792571,0.015412688036350755,0.003631331102792571,0.015412688036350755
74,0.002572904032607459,0.0023137058466726162,0.002288461002179572,0.009907320814805462,0.010016612069091314,0.011138745931204896,0.002288461002179572,0.002260232835717687,0.009785114012554835,0.009907320814805462,0.002572904032607459,0.011138745931204896,13.11326699380486,13.11326699380486,0.7652115096525205,0.6881229619862516,0.6806148523480198,0.6806148523480198,0.6722194681443069,0.7652115096525205,0.0010463240164830484,0.020608821147343175,0.016673104204840736,0.016319621321260414,0.07831122048678373,0.08010528522941839,0.10043737350782513,0.016319621321260414,0.015939865867491538,0.07639001538029458,0.07831122048678373,0.020608821147343175,0.10043737350782513,0.027905,0.027905,0.010368472333037136,0.0033623436136968254,0.014556427589886824,0.0033623436136968254,0.014556427589886824
75,0.0023158399496088404,0.002059816201771991,0.0020344083689231344,0.008983612605699244,0.009095809414831183,0.010226368157883813,0.0020344083689231344,0.002006101610877938,0.008858614619903544,0.008983612605699244,0.0023158399496088404,0.010226368157883813,12.47534396720985,12.47534396720985,0.743858282475667,0.6616222948932481,0.6534611838857401,0.6534611838857401,0.6443689249731539,0.743858282475667,0.0009798454173812789,0.018035917114735716,0.01435939835816812,0.014031160319080842,0.06840389967197827,0.07008867316032708,0.08929862757662023,0.014031160319080842,0.013679633031773851,0.06660490136773975,0.06840389967197827,0.018035917114735716,0.08929862757662023,0.030625,0.030625,0.00932214831655409,0.0031132811237933565,0.013747737168226444,0.0031132811237933565,0.013747737168226444
76,0.002078627176992657,0.0018260227894674654,0.0018006155083748158,0.008110246238992945,0.00822468449911361,0.009362453097879253,0.0018006155083748158,0.0017724736885944255,0.007983491200523723,0.008110246238992945,0.002078627176992657,0.009362453097879253,11.853675272427953,11.853675272427953,0.7210776225748496,0.6334489351292392,0.6246351266458512,0.6246351266458512,0.6148727042515031,0.7210776225748496,0.0009141763447361208,0.015720077165126876,0.01229958215639613,0.011996751950157708,0.05942028706627902,0.060992863745495896,0.07907225941873641,0.011996751950157708,0.011673531420895913,0.05774628674783621,0.05942028706627902,0.015720077165126876,0.07907225941873641,0.033549,0.033549,0.008342302899172812,0.0028826677072160706,0.012983973992213864,0.0028826677072160706,0.012983973992213864
77,0.0018600845498441944,0.0016113024617447668,0.0015861194155701583,0.007287005662335278,0.007402702499703135,0.008545665927848584,0.0015861194155701583,0.0015584225983354722,0.0071597599694595785,0.007287005662335278,0.0018600845498441944,0.008545665927848584,11.247802291505678,11.247802291505678,0.696886189415086,0.6036792427820092,0.5942443398965694,0.5942443398965694,0.5838676452332955,0.696886189415086,0.0008496061010685962,0.013641449988134218,0.010473559366928665,0.010196136441782891,0.051310040827286074,0.05276817924638229,0.06970980632085716,0.010196136441782891,0.009901057732301486,0.049762795547312486,0.051310040827286074,0.013641449988134218,0.06970980632085716,0.036614,0.036614,0.00742812655443669,0.002669136765940806,0.012262642103757538,0.002669136765940806,0.012262642103757538
78,0.0016592401982742583,0.0014148567030448814,0.0013901504752963122,0.006514411822496798,0.006630188168291502,0.007775398531368207,0.0013901504752963122,0.001363194067429841,0.006388090862846761,0.006514411822496798,0.0016592401982742583,0.007775398531368207,10.656278263858598,10.656278263858598,0.671370398475842,0.5724866776355962,0.5624899152707237,0.5624899152707237,0.5515826733237089,0.671370398475842,0.0007865457902278599,0.011781365438290024,0.008862256905183899,0.008610017026212733,0.0440230351649508,0.04536547674667915,0.06116414039300858,0.008610017026212733,0.008342635133966015,0.04260303557785291,0.0440230351649508,0.011781365438290024,0.06116414039300858,0.040012,0.040012,0.006578520453368094,0.002471422931426672,0.011581384209104342,0.002471422931426672,0.011581384209104342
79,0.0014748617402415818,0.001235673865258107,0.0012117129133368877,0.005791796650617952,0.005906326222396439,0.00704960654725715,0.0012117129133368877,0.0011858379957854913,0.0056681186249406545,0.005791796650617952,0.0014748617402415818,0.00704960654725715,10.079588769712327,10.079588769712327,0.6445075260920266,0.5399835687809112,0.5295127473986808,0.5295127473986808,0.5182055321907292,0.6445075260920266,0.0007250740135488324,0.010122125240015765,0.007447400202139018,0.00721986655091642,0.037508623342454,0.03873528857838765,0.053388741861640374,0.00721986655091642,0.0069794410665361736,0.03621494471500615,0.037508623342454,0.010122125240015765,0.053388741861640374,0.043933,0.043933,0.005791974663140233,0.0022883545661358073,0.01093797397526521,0.0022883545661358073,0.01093797397526521
80,0.001305617258710693,0.0010726654906622753,0.0010497597917746738,0.0051180399933138535,0.00522971533456822,0.006365457505993363,0.0010497597917746738,0.0010252332039996498,0.004998462106910065,0.0051180399933138535,0.001305617258710693,0.006365457505993363,9.519788121242891,9.519788121242891,0.6161923769482256,0.5062496638672143,0.4954392085449941,0.4954392085449941,0.4838637668765486,0.6161923769482256,0.0006650785498136163,0.008647263499774183,0.006211726336880911,0.006008153637579532,0.03171682669183605,0.03282896235599121,0.046339135314383224,0.006008153637579532,0.005793603070750682,0.030546826090065496,0.03171682669183605,0.008647263499774183,0.046339135314383224,0.04857,0.04857,0.005066900649591401,0.002118846820496118,0.010330308754417143,0.002118846820496118,0.010330308754417143
81,0.0011501883596806617,0.0009247897765631269,0.0009031829882235066,0.004491481980023144,0.004598931413569785,0.005719826832986862,0.0009031829882235066,0.0008801373710959952,0.004376877325820871,0.004491481980023144,0.0011501883596806617,0.005719826832986862,8.9802435504902,8.9802435504902,0.5862639131998503,0.4713757261859634,0.46036250371935483,0.46036250371935483,0.44861589407445157,0.5862639131998503,0.0006063620403177104,0.00734164624106349,0.005139060846218636,0.004958393845804859,0.026598786698522194,0.02759924702142299,0.03997367780838986,0.004958393845804859,0.004768369866751032,0.02554836398315543,0.026598786698522194,0.00734164624106349,0.03997367780838986,0.053991,0.053991,0.004401822099777785,0.001961895204163072,0.00975640271250508,0.001961895204163072,0.00975640271250508
82,0.0010074893888455028,0.0007911289217651209,0.0007709424761973626,0.003910533934226784,0.004012927799970837,0.005110396125644453,0.0007709424761973626,0.0007494293263990748,0.0038014104847921837,0.003910533934226784,0.0010074893888455028,0.005110396125644453,8.46423136618172,8.46423136618172,0.5546109382622771,0.43550707178104286,0.42439467333747805,0.42439467333747805,0.4125519399779955,0.5546109382622771,0.0005488622072366747,0.006191457881382828,0.004214271069655509,0.004055210857581352,0.02210730471849905,0.023000315607853206,0.034253850975403,0.004055210857581352,0.0038882324956550363,0.021171486657334558,0.02210730471849905,0.006191457881382828,0.034253850975403,0.060066,0.060066,0.0037954600594600736,0.0018165696334843256,0.00921438033958813,0.0018165696334843256,0.00921438033958813
83,0.0008768273437176932,0.0006709583753908252,0.0006522352819255447,0.003374570798023067,0.0034714413694372096,0.004536577567963633,0.0006522352819255447,0.0006322605764165746,0.0032712245673336086,0.003374570798023067,0.0008768273437176932,0.004536577567963633,7.97318148527633,7.97318148527633,0.5212976776446152,0.39890298288878884,0.38777159515127746,0.38777159515127746,0.37589609004976937,0.5212976776446152,0.0004928290057270506,0.005183968492537325,0.003423142147890388,0.0032842683813839894,0.018196770784272266,0.01898738780788237,0.029143454849758547,0.0032842683813839894,0.0031388031692559616,0.017370076172542374,0.018196770784272266,0.005183968492537325,0.029143454849758547,0.066696,0.066696,0.003246597852223399,0.0016820089198928939,0.008702470320722123,0.0016820089198928939,0.008702470320722123
84,0.000757728210371387,0.0005636424051502206,0.0005463808564924954,0.0028834332528356876,0.002974528178296001,0.003998783435463468,0.0005463808564924954,0.0005280503251380283,0.0027866969506363014,0.0028834332528356876,0.000757728210371387,0.003998783435463468,7.5072318186532225,7.5072318186532225,0.48652920773643,0.36190878084106765,0.35082532442781017,0.35082532442781017,0.33905548561858134,0.48652920773643,0.00043868004598946256,0.0043071411488196315,0.0027521837724995626,0.0026320330994584447,0.014822199986249198,0.015515946438445161,0.024606877281794913,0.0026320330994584447,0.002506542592839387,0.014098851605208768,0.014822199986249198,0.0043071411488196315,0.024606877281794913,0.07378,0.07378,0.0027537688464963485,0.0015574156665674943,0.008218999747348672,0.0015574156665674943,0.008218999747348672
85,0.000649836132416839,0.00046858229342636924,0.00045286182606420823,0.0024377003135284477,0.0025223216836947203,0.003497989127284141,0.00045286182606420823,0.0004362807431646931,0.002348446354248916,0.0024377003135284477,0.000649836132416839,0.003497989127284141,7.065407590694675,7.065407590694675,0.4506330827896362,0.32494143199152614,0.3140399718896426,0.3140399718896426,0.30254171235887506,0.4506330827896362,0.0003869159836179802,0.0035494129384482445,0.002188541367349342,0.0020856522429659493,0.01193876673341351,0.012541418260149161,0.020608093846331447,0.0020856522429659493,0.0019784922677013586,0.011312154654572465,0.01193876673341351,0.0035494129384482445,0.020608093846331447,0.081217,0.081217,0.0023150888005068863,0.0014420515431180503,0.007762388650273745,0.0014420515431180503,0.007762388650273745
86,0.0005528318437503153,0.0003852608769784733,0.0003711549352287837,0.002037839665212778,0.0021152888512110174,0.0030353433363149765,0.0003711549352287837,0.0003563042839604094,0.0019563016245282834,0.002037839665212778,0.0005528318437503153,0.0030353433363149765,6.645765203203232,6.645765203203232,0.4140340157047103,0.28853458749268135,0.2779701821062245,0.2779701821062245,0.26684803917979005,0.4140340157047103,0.00033804770476011134,0.0028995768060314053,0.0017199590739229726,0.0016327904169017413,0.009501066419885063,0.010019096576454441,0.017110104719047305,0.0016327904169017413,0.0015422115245366653,0.00896370830032355,0.009501066419885063,0.0028995768060314053,0.017110104719047305,0.088721,0.088721,0.001928172816888906,0.0013352329102944908,0.0073311448363696475,0.0013352329102944908,0.0073311448363696475
87,0.0004664667127230958,0.00031317194279662083,0.0003006413070214426,0.001683695666537482,0.0017538715760379098,0.0026123754934974544,0.0003006413070214426,0.0002874332324800694,0.00160972586481949,0.001683695666537482,0.0004664667127230958,0.0026123754934974544,6.244109326784918,6.244109326784918,0.3773005037973727,0.25330838957957796,0.24317301429572002,0.24317301429572002,0.23248969425866603,0.3773005037973727,0.00029263308067735964,0.00234674496228109,0.0013346981969444994,0.0012616354816729575,0.007463226754672285,0.007903807725243423,0.014074761382732328,0.0012616354816729575,0.001185907240576256,0.007007406675795267,0.007463226754672285,0.00234674496228109,0.014074761382732328,0.096358,0.096358,0.0015901251121287945,0.001236326768791195,0.006923859012126889,0.001236326768791195,0.006923859012126889
88,0.0003902952900171516,0.00025154825181432437,0.0002404969824673658,0.001373803905496258,0.0014369326684178587,0.002229504870378636,0.0002404969824673658,0.00022881604402892567,0.0013070782498063038,0.001373803905496258,0.0003902952900171516,0.002229504870378636,5.856620571846943,5.856620571846943,0.34094458185246546,0.2197413489842129,0.21008745229928963,0.21008745229928963,0.199883504741113,0.34094458185246546,0.0002510147478027559,0.001880278249557994,0.0010215262541478786,0.0009609941746515149,0.0057795310881348025,0.006149936149205513,0.011462385889234874,0.0009609941746515149,0.0008984740080961864,0.005397680810975777,0.0057795310881348025,0.001880278249557994,0.011462385889234874,0.104559,0.104559,0.001297492031451435,0.0011447470081399954,0.006539200178119839,0.0011447470081399954,0.006539200178119839
89,0.0003235985229520817,0.0001993989430347781,0.00018971413637157908,0.0011053885964689848,0.0011618181016669477,0.001885479511156899,0.00018971413637157908,0.000179471280434741,0.001045707560757027,0.0011053885964689848,0.0003235985229520817,0.001885479511156899,5.482103312051763,5.482103312051763,0.3052957573185535,0.1881209183743281,0.1789838853688871,0.1789838853688871,0.16932036641393539,0.3052957573185535,0.00021322874296117865,0.0014899829595408423,0.0007699780023335542,0.0007204971921841491,0.004405727182638545,0.004713003480787655,0.009232881018856238,0.0007204971921841491,0.0006696579640672607,0.004090602561169473,0.004405727182638545,0.0014899829595408423,0.009232881018856238,0.113755,0.113755,0.001046477283648679,0.0010599509334629587,0.006175911279335404,0.0010599509334629587,0.006175911279335404
90,0.00026554404904969225,0.0001556788933228055,0.00014727363419341402,0.0008752668140062725,0.0009252203879733406,0.00157816363440051,0.00014727363419341402,0.0001384274960819523,0.0008226930375561712,0.0008752668140062725,0.00026554404904969225,0.00157816363440051,5.12158693369414,5.12158693369414,0.27056683844478147,0.15862357348874923,0.15005932813251827,0.15005932813251827,0.14104586452891033,0.27056683844478147,0.00017914453001820267,0.0011663844365887607,0.000570579059298776,0.00053078305581257,0.0033003385861695603,0.0035511853791207076,0.007347401507699338,0.00053078305581257,0.0004901866836325197,0.0030448950004124463,0.0033003385861695603,0.0011663844365887607,0.007347401507699338,0.124377,0.124377,0.0008332485406875001,0.0009814360495027394,0.005832805097150104,0.0009814360495027394,0.005832805097150104
91,0.00021529303413059137,0.0001194038716604997,0.0001122317587053402,0.0006803484486449339,0.0007238257671761353,0.001305105466264418,0.0001122317587053402,0.00010474634932672876,0.000634971928514111,0.0006803484486449339,0.00021529303413059137,0.001305105466264418,4.77805566287562,4.77805566287562,0.23691454677953488,0.13139539907737996,0.12350300303639813,0.12350300303639813,0.11526584674588244,0.23691454677953488,0.00014856344465833825,0.0009008403875390684,0.0004149001659759705,0.00038350942161915596,0.0024250717721632877,0.002625964991147367,0.005769237873298828,0.00038350942161915596,0.0003517591875505674,0.002222201962856275,0.0024250717721632877,0.0009008403875390684,0.005769237873298828,0.136537,0.136537,0.0006541040106692974,0.0009087370828729068,0.005508760369530653,0.0009087370828729068,0.005508760369530653
92,0.0001721273788236137,8.972960283980472E-05,8.374499724880115E-05,0.0005178150570711035,0.0005548192840393948,0.0010643041544827912,8.374499724880115E-05,7.756629135178454E-05,0.0004796106621603972,0.0005178150570711035,0.0001721273788236137,0.0010643041544827912,4.454532693208186,4.454532693208186,0.20456694530589753,0.10664027351081738,0.09952779382873995,0.09952779382873995,0.09218463320005546,0.20456694530589753,0.0001213454215091822,0.0006855473534084771,0.0002954962943154708,0.00027127766291381574,0.0017447233235183537,0.001902139223971232,0.0044641324070344105,0.00027127766291381574,0.00024701283822383866,0.0015872300343421641,0.0017447233235183537,0.0006855473534084771,0.0044641324070344105,0.149949,0.149949,0.0005055405660109592,0.0008414232248823211,0.0052027181267789505,0.0008414232248823211,0.0052027181267789505
93,0.00013547875045962187,6.591436912624133E-05,6.105120697210725E-05,0.00038504388281454646,0.0004157153622406624,0.0008544509879987927,6.105120697210725E-05,5.609281109545359E-05,0.00035377177378399723,0.00038504388281454646,0.00013547875045962187,0.0008544509879987927,4.152112277037714,4.152112277037714,0.1738923364242235,0.0846037006719142,0.0783616396363404,0.0783616396363404,0.07199734234999569,0.1738923364242235,9.744696935434697E-05,0.0005134199745848633,0.00020576669147566608,0.0001875326656650146,0.0012269082664472502,0.001347319939931837,0.003399828252551619,0.0001875326656650146,0.00016944654687205414,0.001107619372181767,0.0012269082664472502,0.0005134199745848633,0.003399828252551619,0.164442,0.164442,0.000384195144501777,0.0007790955785947416,0.0049136782308467864,0.0007790955785947416,0.0049136782308467864
94,0.00010481514238568586,4.7233170736296276E-05,4.339703430860651E-05,0.000279174789328331,0.0003038528023791591,0.0006742798387063899,4.339703430860651E-05,3.954680602771261E-05,0.000254406122844332,0.000279174789328331,0.00010481514238568586,0.0006742798387063899,3.8708662678565875,3.8708662678565875,0.14529713283795134,0.06547569489126129,0.06015795537927773,0.06015795537927773,0.0548206814200728,0.14529713283795134,7.681882427742E-05,0.0003779412241252415,0.00013985232234942476,0.00012648145869290734,0.0008418643836327037,0.0009316045776911746,0.0025453772645528264,0.00012648145869290734,0.00011335373577660056,0.0007538475983977697,0.0008418643836327037,0.0003779412241252415,0.0025453772645528264,0.179849,0.179849,0.0002867481751474301,0.0007213847949951311,0.004640696106910853,0.0007213847949951311,0.004640696106910853
95,7.959652207663208E-05,3.2955667671516604E-05,3.003180788003198E-05,0.00019705968960929618,0.0002162451780511744,0.0005222884348840575,3.003180788003198E-05,2.713800293632785E-05,0.00017807141203792355,0.00019705968960929618,7.959652207663208E-05,0.0005222884348840575,3.6100556700614734,3.6100556700614734,0.11916558879417863,0.04933860726227,0.04496123668735415,0.04496123668735415,0.04062886184263406,0.11916558879417863,5.93642885895281E-05,0.0002731260817395556,9.261915161312847E-05,8.308442438430085E-05,0.0005626895943043728,0.0006277517753120154,0.0018710974258464366,8.308442438430085E-05,7.380692974888795E-05,0.0004994414755534378,0.0005626895943043728,0.0002731260817395556,0.0018710974258464366,0.196001,0.196001,0.0002099293508700101,0.000667948884254751,0.004382879656526917,0.000667948884254751,0.004382879656526917
96,5.925511495656492E-05,2.2356984725683174E-05,2.0202710391485797E-05,0.00013521539069557417,0.0001496338048647298,0.00039659052494955024,2.0202710391485797E-05,1.809033519566243E-05,0.00012107740465983561,0.00013521539069557417,5.925511495656492E-05,0.00039659052494955024,3.3682332565854853,3.3682332565854853,0.09580901422493082,0.036148789335396045,0.03266556429261595,0.03266556429261595,0.029250085555744317,0.09580901422493082,4.491892014180405E-05,0.00019352955966292352,5.9663483941611856E-05,5.305261650426886E-05,0.0003656299046950766,0.000411506597260841,0.0013488089909623792,5.305261650426886E-05,4.6668926812560096E-05,0.0003213700635155142,0.0003656299046950766,0.00019352955966292352,0.0013488089909623792,0.213325,0.213325,0.00015056506228048203,0.0006184711891247694,0.004139386342275422,0.0006184711891247694,0.004139386342275422
97,4.3161590331903426E-05,1.4715710367798229E-05,1.3177050407451614E-05,8.995698023795529E-05,0.00010046109150458298,0.0002946551928138714,1.3177050407451614E-05,1.1678095038351952E-05,7.972392395098667E-05,8.995698023795529E-05,4.3161590331903426E-05,0.0002946551928138714,3.1460206013734835,3.1460206013734835,0.07537055626539746,0.025697182789893656,0.023010311054565167,0.023010311054565167,0.020392773120553098,0.07537055626539746,3.321466329170294E-05,0.0001342744447063586,3.730649921592868E-05,3.284990611278306E-05,0.00023041451399950243,0.0002618727923961112,0.0009522184660128289,3.284990611278306E-05,2.8578591616897666E-05,0.0002002926588556786,0.00023041451399950243,0.0001342744447063586,0.0009522184660128289,0.231936,0.231936,0.00010564614213867798,0.0005726585084488605,0.003909420434371231,0.0005726585084488605,0.003909420434371231
98,3.069524418211396E-05,9.371127818656405E-06,8.305115173645145E-06,5.7831238374074497E-05,6.525423373229129E-05,0.00021374104345709373,8.305115173645145E-06,7.272149863692682E-06,5.0638362438822226E-05,5.7831238374074497E-05,3.069524418211396E-05,0.00021374104345709373,2.945052237018639,2.945052237018639,0.05788941092742623,0.01767339154981354,0.0156629548940645,0.0156629548940645,0.013714843553205437,0.05788941092742623,2.394547198131373E-05,9.111285437445518E-05,2.259078884813045E-05,1.9672855705331446E-05,0.00014045753376154714,0.0001614117008915282,0.0006575632731989575,1.9672855705331446E-05,1.6900496578545717E-05,0.00012056873490469191,0.00014045753376154714,9.111285437445518E-05,0.0006575632731989575,0.251189,0.251189,7.243147884697505E-05,0.0005302393596748709,0.0036922304102394964,0.0005302393596748709,0.0036922304102394964
99,2.1282348603011973E-05,5.7582977761966615E-06,5.0420979736866495E-06,3.581197599305597E-05,4.089885258045526E-05,0.00015115988646480813,5.0420979736866495E-06,4.353665042653395E-06,3.0922316226892084E-05,3.581197599305597E-05,2.1282348603011973E-05,0.00015115988646480813,2.7652461529259584,2.7652461529259584,0.04334822768597696,0.011728592917179332,0.010269825715919318,0.010269825715919318,0.00886761452214484,0.04334822768597696,1.6806298193479452E-05,6.041761019234123E-05,1.3219661029474044E-05,1.1367740531686302E-05,8.262629538747265E-05,9.615746715923691E-05,0.00044382222974186374,1.1367740531686302E-05,9.628346714853034E-06,6.993037246586969E-05,8.262629538747265E-05,6.041761019234123E-05,0.00044382222974186374,0.270441,0.270441,4.8486006865661295E-05,0.0004909623700693249,0.003487106498559524,0.0004909623700693249,0.003487106498559524
100,1.4376600893022971E-05,3.4060258848007942E-06,2.940977328567748E-06,2.1306339987276544E-05,2.467545220498915E-05,0.00010415338585330236,2.940977328567748E-06,2.4999807191263424E-06,1.811147561252441E-05,2.1306339987276544E-05,1.4376600893022971E-05,0.00010415338585330236,2.604952653487872,2.604952653487872,0.031625089642353665,0.007492443779480383,0.0064694479831614695,0.0064694479831614695,0.0054993607275343895,0.031625089642353665,1.147702075038023E-05,3.9135261589329256E-05,7.461363253277383E-06,6.325642557999652E-06,4.681431939441668E-05,5.525861457878165E-05,0.0002926623432770556,6.325642557999652E-06,5.274681672199639E-06,3.90080562389776E-05,4.681431939441668E-05,3.9135261589329256E-05,0.0002926623432770556,0.289048,0.289048,3.1679708672181857E-05,0.0004545947871012266,0.0032933783597506616,0.0004545947871012266,0.0032933783597506616
101,9.4639566278671E-06,1.936012697870276E-06,1.6457095298373254E-06,1.2161034820249043E-05,1.4306241414043446E-05,6.993427698033385E-05,1.6457095298373254E-06,1.375085763331816E-06,1.016124993233765E-05,1.2161034820249043E-05,9.4639566278671E-06,6.993427698033385E-05,2.460752137258031,2.460752137258031,0.022483920731410624,0.004599466982524614,0.003909781507962029,0.003909781507962029,0.0032668492172297373,0.022483920731410624,7.629309884707541E-06,2.475866069630629E-05,4.055337368476589E-06,3.384665229431904E-06,2.550797940714013E-05,3.05831623737925E-05,0.00018850895742375328,3.384665229431904E-06,2.7747009530732966E-06,2.0896580626453192E-05,2.550797940714013E-05,2.475866069630629E-05,0.00018850895742375328,0.30675,0.30675,2.0202687921801633E-05,0.00042092109916780243,0.0031104128953200693,0.00042092109916780243,0.0031104128953200693
102,6.074896233582284E-06,1.056377899592339E-06,8.826650050275754E-07,6.652937264726793E-06,7.962268645296668E-06,4.578849654347107E-05,8.826650050275754E-07,7.239185865383708E-07,5.456413150602942E-06,6.652937264726793E-06,6.074896233582284E-06,4.578849654347107E-05,2.328347835929363,2.328347835929363,0.015586978047050414,0.002710456030394677,0.0022647432198445155,0.0022647432198445155,0.0018574314164986987,0.015586978047050414,4.941283314709177E-06,1.529470406843919E-05,2.1193246706063135E-06,1.7389556995945787E-06,1.334694458689109E-05,1.6276920959749056E-05,0.00011857468044341942,1.7389556995945787E-06,1.3996151897414808E-06,1.0735330694115544E-05,1.334694458689109E-05,1.529470406843919E-05,0.00011857468044341942,0.323976,0.323976,1.2573378037094085E-05,0.00038974175848870596,0.0029376121789133985,0.00038974175848870596,0.0029376121789133985
103,3.8025700476029897E-06,5.525025253321866E-07,4.531354986537181E-07,3.483740341294137E-06,4.247681635813573E-06,2.9234449110231075E-05,4.531354986537181E-07,3.643204877820906E-07,2.8009237506601446E-06,3.483740341294137E-06,3.8025700476029897E-06,2.9234449110231075E-05,2.2045605421247823,2.2045605421247823,0.010537171247279209,0.0015310207704521688,0.0012556682159071163,0.0012556682159071163,0.0010095559899211055,0.010537171247279209,3.1189494423285716E-06,9.219807834856905E-06,1.0629467710139745E-06,8.562906945670033E-07,6.694007322164296E-06,8.314652314452388E-06,7.278618389994835E-05,8.562906945670033E-07,6.756966032031099E-07,5.278917543512602E-06,6.694007322164296E-06,9.219807834856905E-06,7.278618389994835E-05,0.341116,0.341116,7.632094722384908E-06,0.0003608719986006536,0.0027744115023070988,0.0003608719986006536,0.0027744115023070988
104,2.3198634844859713E-06,2.764478980508856E-07,2.2226383358501399E-07,1.7429569642782948E-06,2.167859617086955E-06,1.8191993502681856E-05,2.2226383358501399E-07,1.7484940128549082E-07,1.3711406698736272E-06,1.7429569642782948E-06,2.3198634844859713E-06,1.8191993502681856E-05,2.0870419408041196,2.0870419408041196,0.006942773540092315,0.0008273396967697446,0.0006651802888631779,0.0006651802888631779,0.0005232807037414403,0.006942773540092315,1.9179147345895516E-06,5.417237787253915E-06,5.104442456817879E-07,4.031551959132853E-07,3.210266980870159E-06,4.066970678638814E-06,4.3551734789717275E-05,4.031551959132853E-07,3.1137611542101933E-07,2.4779937928524567E-06,3.210266980870159E-06,5.417237787253915E-06,4.3551734789717275E-05,0.35856,0.35856,4.513145280056336E-06,0.00033414073944504965,0.0026202775299567042,0.00033414073944504965,0.0026202775299567042
105,1.3778270680450752E-06,1.3200825316182534E-07,1.0384759255607895E-07,8.306431117679763E-07,1.0558910754351876E-06,1.1020790517229121E-05,1.0384759255607895E-07,7.97615973289922E-08,6.379870709969588E-07,8.306431117679763E-07,1.3778270680450752E-06,1.1020790517229121E-05,1.9741861137504984,1.9741861137504984,0.004453372659556814,0.00042667324448839684,0.0003356531746079096,0.0003356531746079096,0.0002578031199020494,0.004453372659556814,1.147720057740209E-06,3.0973743027679433E-06,2.339963476309023E-07,1.808913623282713E-07,1.4673100165918645E-06,1.8991110615518597E-06,2.5359741287035423E-05,1.808913623282713E-07,1.365267141355285E-07,1.1068531229788297E-06,1.4673100165918645E-06,3.0973743027679433E-06,2.5359741287035423E-05,0.376699,0.376699,2.595230545466785E-06,0.00030938957356023113,0.0024747065560702204,0.00030938957356023113,0.0024747065560702204
106,7.951861012403363E-07,5.99336187849968E-08,4.603285497847979E-08,3.755658693761713E-07,4.889773109743085E-07,6.4876436529472385E-06,4.603285497847979E-08,3.4469908169290414E-08,2.812278542134401E-07,3.755658693761713E-07,7.951861012403363E-07,6.4876436529472385E-06,1.8651271436280357,1.8651271436280357,0.002775791632074422,0.00020921295938628465,0.00016068894243806734,0.00016068894243806734,0.0001203256476759916,0.002775791632074422,6.671403552351061E-07,1.7195472347228683E-06,1.0198809446907694E-07,7.704376977219234E-08,6.366669048238883E-07,8.432199861166722E-07,1.43389507698063E-05,7.704376977219234E-08,5.67651168065363E-08,4.688660519818709E-07,6.366669048238883E-07,1.7195472347228683E-06,1.43389507698063E-05,0.396884,0.396884,1.4475104877265755E-06,0.0002864718273705843,0.0023372228585107637,0.0002864718273705843,0.0023372228585107637
107,4.440643154033951E-07,2.5706621632593346E-08,1.924940105132386E-08,1.6019007304836027E-07,2.1392590793719676E-07,3.6954238177580976E-06,1.924940105132386E-08,1.4043573781602777E-08,1.1686810950308861E-07,1.6019007304836027E-07,4.440643154033951E-07,3.6954238177580976E-06,1.7634570192600354,1.7634570192600354,0.001674124345970197,9.691407220747741E-05,7.257032332375338E-05,7.257032332375338E-05,5.294433251375417E-05,0.001674124345970197,3.749212435641157E-07,9.243611334825319E-07,4.205447568408014E-08,3.101091479371255E-08,2.6110103544771697E-07,3.5424267514236373E-07,7.85130711685906E-06,3.101091479371255E-08,2.2295208637245884E-08,1.876381977684308E-07,2.6110103544771697E-07,9.243611334825319E-07,7.85130711685906E-06,0.418855,0.418855,7.803701324914697E-07,0.0002652516920098003,0.0022073771441490546,0.0002652516920098003,0.0022073771441490546
108,2.3894977460657965E-07,1.0358049235158892E-08,7.556808041953287E-09,6.414413319177399E-08,8.792179000159547E-08,2.028267237094861E-06,7.556808041953287E-09,5.37252779104277E-09,4.560339978095808E-08,6.414413319177399E-08,2.3894977460657965E-07,2.028267237094861E-06,1.674082232936763,1.674082232936763,0.0009729089930388502,4.217388054798266E-05,3.0768334118705685E-05,3.0768334118705685E-05,2.187480867836203E-05,0.0009729089930388502,2.0270035576014423E-07,4.802968180791368E-07,1.6347854051486797E-08,1.1761513742388694E-08,1.0091096239935669E-07,1.4031676720516694E-07,4.155883299100964E-06,1.1761513742388694E-08,8.251634855643107E-09,7.077008826534218E-08,1.0091096239935669E-07,4.802968180791368E-07,4.155883299100964E-06,0.440585,0.440585,4.05448888927354E-07,0.00024560341852759284,0.002084745080585218,0.00024560341852759284,0.002084745080585218
109,1.2377045200142566E-07,3.914251639619719E-09,2.782845031690919E-09,2.4093935561327754E-08,3.3889679698949785E-08,1.0716073877483426E-06,2.782845031690919E-09,1.929207318219728E-09,1.6703120827890452E-08,2.4093935561327754E-08,1.2377045200142566E-07,1.0716073877483426E-06,1.5987678788319284,1.5987678788319284,0.0005442598843408284,1.7212267631015738E-05,1.2237096096805904E-05,1.2237096096805904E-05,8.483366869110686E-06,0.0005442598843408284,1.0522101645918137E-07,2.4134704347255713E-07,5.989804816327904E-09,4.204705700435407E-09,3.67668292075827E-08,5.239497720357147E-08,2.1276160620061027E-06,4.204705700435407E-09,2.8791070646003374E-09,2.5166688484384102E-08,3.67668292075827E-08,2.4134704347255713E-07,2.1276160620061027E-06,0.460043,0.460043,2.0274853316720977E-07,0.00022741057271073408,0.001968925909441595,0.00022741057271073408,0.001968925909441595
110,6.188029810308685E-08,1.3913117173858642E-09,9.645268480777506E-10,8.517913289928293E-09,1.2286928654782969E-08,5.464762485849635E-07,9.645268480777506E-10,6.520432979449128E-10,5.7583138139104806E-09,8.517913289928293E-09,6.188029810308685E-08,5.464762485849635E-07,1.5349173708868085,1.5349173708868085,0.0002938769343690207,6.6075056971430246E-06,4.580653324544402E-06,4.580653324544402E-06,3.0966315830718026E-06,0.0002938769343690207,5.249904419057781E-08,1.175765914711315E-07,2.075553176708185E-09,1.4218606687444883E-09,1.2672893646254943E-08,1.8505297504621683E-08,1.0560086742577598E-06,1.4218606687444883E-09,9.498997463806093E-10,8.46356765649365E-09,1.2672893646254943E-08,1.175765914711315E-07,1.0560086742577598E-06,0.4752,0.4752,9.752751670802841E-08,0.00021056534510253155,0.0018595411366948396,0.00021056534510253155,0.0018595411366948396
111,3.006924115231479E-08,4.686886017325957E-10,3.1684474329767626E-10,2.8540762512324315E-09,4.221856400412458E-09,2.708579166319783E-07,3.1684474329767626E-10,2.08763931842946E-10,1.8805051767170283E-09,2.8540762512324315E-09,3.006924115231479E-08,2.708579166319783E-07,1.472022429281266,1.472022429281266,0.00015422661515686204,2.4039268647209017E-06,1.625112254796083E-06,1.625112254796083E-06,1.0707604628890616E-06,0.00015422661515686204,2.5271713025219596E-08,5.5696293368044645E-08,6.842414593223209E-10,4.5733382066673773E-10,4.1549803563266506E-09,6.218368849838715E-09,5.095324256727962E-07,4.5733382066673773E-10,2.9785644843569646E-10,2.705253842583169E-09,4.1549803563266506E-09,5.5696293368044645E-08,5.095324256727962E-07,0.48567,0.48567,4.5028472517450604E-08,0.00019496791213197365,0.0017562332957673484,0.00019496791213197365,0.0017562332957673484
112,1.43199192609908E-08,1.5089144150027202E-10,9.941995654146525E-11,9.134668815663769E-10,1.386384980613244E-09,1.3157088824680732E-07,9.941995654146525E-11,6.377193692395742E-11,5.859341965119364E-10,9.134668815663769E-10,1.43199192609908E-08,1.3157088824680732E-07,1.389880872749531,1.389880872749531,7.932337497362885E-05,8.358439860092691E-07,5.507242288777314E-07,5.507242288777314E-07,3.532565493713318E-07,7.932337497362885E-05,1.174974233036337E-08,2.5627052215729854E-08,2.155528575897252E-10,1.4048907736906144E-10,1.300904105094219E-09,1.9965124494262565E-09,2.386745090408179E-07,1.4048907736906144E-10,8.909251659275047E-11,8.247486658661406E-10,1.300904105094219E-09,2.5627052215729854E-08,2.386745090408179E-07,0.492807,0.492807,1.9756759492231E-08,0.00018052584456664225,0.001658664779335829,0.00018052584456664225,0.001658664779335829
113,6.724965564573804E-09,4.6689912979754985E-11,2.994877778173404E-11,2.8067162721306333E-10,4.3756489650327894E-10,6.302450943797611E-08,2.994877778173404E-11,1.8667103140132596E-11,1.7494290591352944E-10,2.8067162721306333E-10,6.724965564573804E-09,6.302450943797611E-08,1.254521203466,1.254521203466,4.0232260522999736E-05,2.793234738171832E-07,1.79169249045294E-07,1.79169249045294E-07,1.1167637209918072E-07,4.0232260522999736E-05,5.215523394019765E-09,1.1307132954739052E-08,6.466141608945318E-11,4.1069120827596196E-11,3.8743722352784226E-10,6.101274688130125E-10,1.0710362079401054E-07,4.1069120827596196E-11,2.532057966879306E-11,2.388144693542042E-10,3.8743722352784226E-10,1.1307132954739052E-08,1.0710362079401054E-07,0.497189,0.497189,8.007017161867633E-09,0.00016715355978392802,0.0015665167360393941,0.00016715355978392802,0.0015665167360393941
114,3.130913574526776E-09,1.3943124912232841E-11,8.690763700919645E-12,8.307637205054951E-11,1.3328451590892602E-10,2.992889346973942E-08,8.690763700919645E-12,5.241538640243848E-12,5.010468920563918E-11,8.307637205054951E-11,3.130913574526776E-09,2.992889346973942E-08,1.0006059999999999,1.0006059999999999,2.022922314583002E-05,9.008826928171331E-08,5.61521083315612E-08,5.61521083315612E-08,3.386623496849784E-08,2.022922314583002E-05,2.1196170013485753E-09,4.582167390165249E-09,1.797150310969819E-11,1.1120343045862157E-11,1.0676559631477894E-10,1.7256257230973355E-10,4.407911135603443E-08,1.1120343045862157E-11,6.653476528660464E-12,6.387156344067478E-11,1.0676559631477894E-10,4.582167390165249E-09,4.407911135603443E-08,0.499394,0.499394,2.7914937678478687E-09,0.00015477181461474813,0.00147948802848165,0.00015477181461474813,0.00147948802848165
115,1.4512538156384733E-09,4.02837819746535E-12,2.4295793449425126E-12,2.3689224264229433E-11,3.9278056400807524E-11,1.4150217886295014E-08,2.4295793449425126E-12,1.4119378884166154E-12,1.3766874235035603E-11,2.3689224264229433E-11,1.4512538156384733E-09,1.4150217886295014E-08,1.5,1.5,1.0126870482141383E-05,2.8110082343429523E-08,1.6953640422639843E-08,1.6953640422639843E-08,9.852523363415023E-09,1.0126870482141383E-05,6.718767664992931E-10,1.4512538156384733E-09,4.02837819746535E-12,2.4295793449425126E-12,2.3689224264229433E-11,3.9278056400807524E-11,1.4150217886295014E-08,2.4295793449425126E-12,1.4119378884166154E-12,1.3766874235035603E-11,2.3689224264229433E-11,1.4512538156384733E-09,1.4150217886295014E-08,0.5,0.5,6.718767664992931E-10,0.0001433072357543964,0.0013972942491215581,0.0001433072357543964,0.0013972942491215581
